index,D_cm,t_us,h_measured_cm,h_formula_cm
2,1.687892,97.566010,1.076559,3.116868
3,2.659910,153.752007,2.320586,5.160688
4,3.919052,226.534774,3.697156,7.732665
5,4.883324,282.273075,4.707107,9.683611
6,6.426824,371.492723,6.293971,12.792810
7,6.473848,374.210880,6.341980,12.887377
8,8.390223,484.983962,8.288898,16.736620
9,9.084521,525.116822,8.991025,18.129625
10,10.100797,583.861088,10.016791,20.167668
11,10.779052,623.066571,10.700372,21.527349
12,11.447348,661.696442,11.373293,22.866760
13,13.133027,759.134526,13.068527,26.244187
14,14.467961,836.298308,14.409437,28.918074
15,15.145110,875.439859,15.089213,30.274210
16,16.161385,934.184100,16.109015,32.309314
17,17.133402,990.370080,17.084012,34.255596
18,17.453720,1008.885563,17.405239,34.896937
19,17.764634,1026.857452,17.717004,35.519432
20,19.371755,1119.754610,19.328085,38.736909
21,20.406287,1179.554146,20.364836,40.807892
22,21.019814,1215.018152,20.979575,42.036032
23,21.997917,1271.555912,21.959471,43.993901
24,22.873121,1322.145709,22.836148,45.745730
25,24.502924,1416.353987,24.468414,49.007845
26,25.696232,1485.331319,25.663327,51.396198
27,25.879349,1495.916136,25.846677,51.762693
28,26.452492,1529.045781,26.420529,52.909782
29,27.930712,1614.492006,27.900442,55.868227
30,29.397313,1699.266635,29.368555,58.803335
31,30.092165,1739.431477,30.064071,60.193916
32,30.461718,1760.792974,30.433966,60.933484
33,31.751288,1835.334580,31.724664,63.514200
34,32.809609,1896.509179,32.783844,65.632101
35,33.872909,1957.971599,33.847953,67.759939
36,35.164691,2032.641091,35.140653,70.344976
37,35.685277,2062.732754,35.661590,71.386732
38,36.668358,2119.558294,36.645307,73.353984
39,37.162942,2148.146949,37.140198,74.343693
40,37.880477,2189.622938,37.858163,75.779541
41,39.227029,2267.458302,39.205481,78.474085
42,40.227029,2325.261771,40.206017,80.475138
43,41.131232,2377.527855,41.110683,82.284485
44,42.945813,2482.416908,42.926132,85.915504
45,43.413288,2509.438621,43.393820,86.850929
46,45.235614,2614.775382,45.216930,90.497403
47,45.413752,2625.072376,45.395142,90.853856
48,46.258529,2673.903403,46.240258,92.544242
49,46.558376,2691.235635,46.540224,93.144232
50,47.576313,2750.075876,47.558548,95.181097
51,48.724255,2816.430935,48.706910,97.478092
52,50.627353,2926.436595,50.610660,101.286108
53,51.255264,2962.732011,51.238775,102.542525
54,52.371672,3027.264278,52.355535,104.776393
55,53.213129,3075.903436,53.197248,106.460096
56,54.254300,3136.086695,54.238723,108.543407
57,55.223550,3192.112735,55.208247,110.482805
58,56.136375,3244.877166,56.121320,112.309296
59,55.938321,3233.428972,55.923213,111.913006
60,57.092903,3300.167814,57.078101,114.223229
61,58.711090,3393.704618,58.696696,117.461077
62,60.280035,3484.395110,60.266016,120.600386
63,60.430513,3493.093240,60.416528,120.901477
64,62.300970,3601.212120,62.287405,124.644069
65,63.177280,3651.865871,63.163903,126.397471
66,64.053589,3702.519610,64.040396,128.150869
67,64.850789,3748.600528,64.837758,129.745976
68,65.406780,3780.738707,65.393859,130.858449
69,65.882553,3808.240058,65.869726,131.810416
70,66.827464,3862.859205,66.814819,133.701071
71,67.640152,3909.835357,67.627658,135.327159
72,69.251697,4002.988242,69.239494,138.551660
73,70.415687,4070.270938,70.403686,140.880656
74,71.457408,4130.486040,71.445582,142.965003
75,72.284483,4178.293809,72.272792,144.619869
76,73.368804,4240.971349,73.357286,146.789450
77,74.226304,4290.537825,74.214919,148.505189
78,75.613242,4370.707623,75.602066,151.280257
79,75.415742,4359.291431,75.404536,150.885088
80,76.488446,4421.297459,76.477398,153.031417
81,77.480932,4478.666580,77.470025,155.017238
82,79.692177,4606.484223,79.681573,159.441616
83,80.434051,4649.367117,80.423545,160.925995
84,81.554334,4714.123369,81.543972,163.167513
85,82.347660,4759.980369,82.337398,164.754838
86,83.399343,4820.771294,83.389211,166.859094
87,84.376892,4877.277022,84.366877,168.815019
88,85.301334,4930.712966,85.291428,170.664682
89,87.003608,5029.110287,86.993895,174.070663
90,86.644563,5008.356262,86.634810,173.352272
91,87.527514,5059.393887,87.517860,175.118916
92,89.291751,5161.372868,89.282287,178.648869
93,90.314112,5220.468920,90.304756,180.694448
94,91.251829,5274.672190,91.242568,182.570666
95,91.462609,5286.856016,91.453370,182.992402
96,93.960422,5431.238280,93.951429,187.990112
97,94.372023,5455.030223,94.363069,188.813656
98,95.331316,5510.480702,95.322452,190.733041
99,95.909991,5543.930119,95.901180,191.890872
100,96.374147,5570.759958,96.365379,192.819570
101,97.753340,5650.482058,97.744695,195.579099
102,97.753340,5650.482058,97.744695,195.579099
103,97.753340,5650.482058,97.744695,195.579099
104,97.753340,5650.482058,97.744695,195.579099
105,100.916131,5833.302382,100.907758,201.907300
106,102.517164,5925.847647,102.508921,205.110689
107,101.872659,5888.592994,101.864364,203.821146
108,103.634127,5990.411983,103.625973,207.345536
109,105.400578,6092.518988,105.392561,210.879893
110,105.915081,6122.259006,105.907102,211.909321
111,107.208524,6197.024491,107.200642,214.497271
112,107.872947,6235.430480,107.865114,215.826664
113,110.045464,6361.009486,110.037785,220.173480
114,108.841643,6291.424445,108.833879,217.764850
115,111.422444,6440.603723,111.414860,222.928569
116,112.655583,6511.883428,112.648082,225.395857
117,113.689560,6571.650855,113.682127,227.464655
118,114.789374,6635.223954,114.782013,229.665184
119,115.735390,6689.906948,115.728089,231.557988
120,117.682746,6802.470844,117.675565,235.454288
121,117.682746,6802.470844,117.675565,235.454288
122,118.817411,6868.058428,118.810299,237.724543
123,116.090008,6710.405075,116.082729,232.267513
124,119.213521,6890.954977,119.206433,238.517087
125,118.028509,6822.457197,118.021350,236.146098
126,122.768547,7096.447815,122.761664,245.630032
127,123.689120,7149.660092,123.682288,247.471925
128,124.676072,7206.709358,124.669294,249.446632
129,125.727755,7267.500283,125.721034,251.550852
130,124.949362,7222.506480,124.942599,249.993434
131,127.559486,7373.380676,127.552861,255.215799
132,128.635508,7435.578491,128.628939,257.368716
133,129.745834,7499.759162,129.739321,259.590267
134,129.276697,7472.641434,129.270160,258.651614
135,130.408594,7538.069006,130.402114,260.916325
136,132.552344,7661.985191,132.545969,265.205560
137,133.480107,7715.613116,133.473776,267.061837
138,133.480107,7715.613116,133.473776,267.061837
139,133.999586,7745.640838,133.993280,268.101216
140,135.046843,7806.175902,135.040586,270.196576
141,135.033014,7805.376514,135.026756,270.168906
142,138.464122,8003.706474,138.458019,277.033893
143,137.956814,7974.382329,137.950689,276.018869
144,140.444666,8118.188757,140.438649,280.996578
145,140.045793,8095.132538,140.039759,280.198511
146,142.413599,8231.999919,142.407665,284.936032
147,143.476892,8293.461971,143.471003,287.063475
148,144.523047,8353.933347,144.517200,289.156628
149,143.921692,8319.172919,143.915820,287.953432
150,145.003247,8381.690584,144.997420,290.117415
151,147.112695,8503.624006,147.106951,294.338009
152,148.135060,8562.720243,148.129356,296.383561
153,149.255894,8627.508324,149.250232,298.626130
154,148.534488,8585.808532,148.528799,297.182737
155,149.595576,8647.143139,149.589928,299.305768
156,149.595576,8647.143139,149.589928,299.305768
157,153.293334,8860.886347,153.287821,306.704254
158,152.657680,8824.143364,152.652145,305.432436
159,154.342807,8921.549532,154.337332,308.804042
160,151.838350,8776.783260,151.832785,303.793118
161,157.266052,9090.523208,157.260678,314.652877
162,158.243049,9146.997058,158.237709,316.607656
163,159.390991,9213.352092,159.385690,318.904461
164,160.778483,9293.553925,160.773227,321.680556
165,161.544701,9337.843988,161.539470,323.213606
166,162.578127,9397.579572,162.572929,325.281285
167,163.645851,9459.297757,163.640688,327.417590
168,162.561528,9396.620104,162.556330,325.248074
169,164.463518,9506.561751,164.458380,329.053579
170,164.482326,9507.648890,164.477188,329.091209
171,167.599756,9687.847185,167.594714,335.328565
172,168.788084,9756.536671,168.783078,337.706172
173,169.606859,9803.864671,169.601877,339.344375
174,171.228916,9897.625231,171.223982,342.589788
175,171.843550,9933.153202,171.838633,343.819547
176,172.833270,9990.362457,172.828381,345.799778
177,173.786480,10045.461254,173.781617,347.706958
178,174.051476,10060.778954,174.046621,348.237162
179,173.360498,10020.838017,173.355623,346.854654
180,174.125608,10065.064069,174.120756,348.385486
181,175.140777,10123.744335,175.135952,350.416635
182,176.329105,10192.433844,176.324313,352.794241
183,177.141794,10239.410064,177.137024,354.420267
184,178.899946,10341.037347,178.895223,357.937975
185,177.857668,10280.790081,177.852917,355.852587
186,178.096662,10294.604763,178.091918,356.330766
187,183.138761,10586.055566,183.134147,366.418987
188,180.103766,10410.622295,180.099074,360.346575
189,183.242770,10592.067601,183.238158,366.627087
190,184.015069,10636.709191,184.010477,368.172302
191,185.128715,10701.081763,185.124150,370.400481
192,190.055744,10985.881156,190.051298,380.258467
193,193.973688,11212.351879,193.969331,388.097474
194,196.188253,11340.361416,196.183945,392.528367
195,192.502662,11127.321520,192.498273,385.154252
196,198.549972,11476.877017,198.545716,397.253687
197,193.600815,11190.798538,193.596450,387.351432
198,192.213880,11110.628913,192.209484,384.576458
199,193.033202,11157.988572,193.028825,386.215755
200,193.696525,11196.330896,193.692162,387.542928
201,195.098952,11277.396058,195.094621,390.348899
202,198.065347,11448.863965,198.061080,396.284050
203,199.471646,11530.152936,199.467410,399.097767
204,198.946082,11499.773543,198.941835,398.046222
205,201.121919,11625.544480,201.117718,402.399627
206,205.343585,11869.571410,205.339470,410.846317
207,205.343585,11869.571410,205.339470,410.846317
208,204.606136,11826.944289,204.602006,409.370832
209,200.562608,11593.214353,200.558395,401.280560
210,204.193431,11803.088474,204.189292,408.545092
211,205.001693,11849.808855,204.997571,410.162260
212,208.162270,12032.501156,208.158211,416.485926
213,209.561382,12113.374665,209.557349,419.285262
214,210.372964,12160.286948,210.368947,420.909072
215,211.201695,12208.190451,211.197694,422.567191
216,212.481306,12282.156410,212.477329,425.127430
217,212.913374,12307.131457,212.909405,425.991910
218,214.004891,12370.224896,214.000942,428.175810
219,212.975889,12310.745035,212.971921,426.116989
220,214.101706,12375.821145,214.097759,428.369517
221,215.057675,12431.079509,215.053746,430.282216
222,218.117017,12607.920035,218.113142,436.403327
223,219.286534,12675.522225,219.282681,438.743291
224,217.881344,12594.297324,217.877465,435.931794
225,218.962346,12656.783029,218.958487,438.094658
226,222.630236,12868.799792,222.626441,445.433349
227,223.321765,12908.772572,223.317982,446.816956
228,224.345783,12967.964318,224.342016,448.865803
229,222.787349,12877.881434,222.783556,445.747698
230,223.684677,12929.750139,223.680900,447.543068
231,224.724188,12989.837457,224.720428,449.622914
232,227.786848,13166.869821,227.783138,455.750663
233,228.870622,13229.515723,228.866930,457.919071
234,227.837747,13169.811936,227.834038,455.852501
235,228.735079,13221.680873,228.731385,457.647877
236,231.657217,13390.590584,231.653569,463.494471
237,232.650809,13448.023630,232.647177,465.482442
238,233.698064,13508.558624,233.694448,467.577783
239,232.384157,13432.610220,232.380521,464.948926
240,233.764453,13512.396133,233.760838,467.710613
241,234.695535,13566.215873,234.691934,469.573515
242,237.614352,13734.933659,237.610796,475.413463
243,238.522750,13787.442197,238.519207,477.230979
244,237.374252,13721.055017,237.370692,474.933072
245,240.569130,13905.730035,240.565617,481.325359
246,241.606982,13965.721526,241.603485,483.401887
247,242.470011,14015.607566,242.466526,485.128628
248,243.538850,14077.390168,243.535380,487.267153
249,242.597259,14022.962919,242.593775,485.383224
250,243.210233,14058.394994,243.206759,486.609659
251,244.483204,14131.977104,244.479748,489.156609
252,247.435219,14302.613832,247.431804,495.062978
253,248.355230,14355.793647,248.351828,496.903728
254,249.576200,14426.369954,249.572814,499.346635
255,250.749592,14494.196069,250.746222,501.694348
256,251.558961,14540.980387,251.555602,503.313726
257,252.699714,14606.919890,252.696370,505.596136
258,253.583770,14658.021399,253.580438,507.364948
259,252.062396,14570.080694,252.059044,504.320995
260,252.974112,14622.781064,252.970772,506.145149
261,253.901322,14676.377012,253.897994,508.000303
262,257.240034,14869.366145,257.236749,514.680370
263,258.136266,14921.171439,258.132992,516.473542
264,259.175221,14981.226618,259.171960,518.552274
265,260.256228,15043.712595,260.252981,520.715144
266,259.236631,14984.776376,259.233372,518.675144
267,262.213540,15156.852000,262.210317,524.631316
268,263.406841,15225.828988,263.403634,527.018864
269,261.804154,15133.188110,261.800927,523.812222
270,265.400121,15341.047428,265.396937,531.006999
271,266.538107,15406.827006,266.534937,533.283872
272,267.299344,15450.829133,267.296183,534.806948
273,268.444519,15517.024243,268.441372,537.098205
274,269.387772,15571.547543,269.384636,538.985457
275,270.395194,15629.779977,270.392069,541.001096
276,271.373296,15686.317671,271.370182,542.958073
277,272.465366,15749.443116,272.462265,545.143077
278,273.294650,15797.378624,273.291558,546.802302
279,271.802600,15711.132977,271.799492,543.817022
280,272.811683,15769.461462,272.808586,545.835986
281,273.179025,15790.695098,273.175932,546.570960
282,274.772317,15882.792879,274.769242,549.758803
283,279.069776,16131.200936,279.066748,558.357119
284,280.208313,16197.012335,280.205298,560.635094
285,280.208313,16197.012335,280.205298,560.635094
286,280.957383,16240.311173,280.954376,562.133825
287,282.053873,16303.692092,282.050877,564.327672
288,283.177478,16368.640324,283.174494,566.575769
289,282.217080,16313.126035,282.214086,564.654215
290,282.939037,16354.857647,282.936051,566.098700
291,287.120316,16596.550081,287.117373,574.464562
292,287.089333,16594.759110,287.086389,574.402570
293,288.113908,16653.983127,288.110975,576.452531
294,286.219666,16544.489358,286.216714,572.662549
295,290.160848,16772.303335,290.157936,580.548027
296,290.965234,16818.799676,290.962330,582.157436
297,292.022452,16879.910538,292.019559,584.272707
298,293.165414,16945.977682,293.162532,586.559533
299,291.069800,16824.843919,291.066897,582.366649
300,293.483522,16964.365439,293.480643,587.196001
301,294.107004,17000.404838,294.104131,588.443456
302,296.828320,17157.706376,296.825474,593.888239
303,298.065336,17229.210173,298.062501,596.363248
304,299.124209,17290.416676,299.121384,598.481829
305,299.983926,17340.111335,299.981109,600.201943
306,299.450062,17309.252150,299.447240,599.133794
307,302.054644,17459.806023,302.051847,604.345014
308,303.070922,17518.550410,303.068134,606.378373
309,303.593166,17548.737942,303.590383,607.423274
310,303.239657,17528.303879,303.236871,606.715976
311,304.692429,17612.279150,304.689656,609.622667
312,307.004358,17745.916665,307.001606,614.248351
313,308.036123,17805.556220,308.033379,616.312694
314,308.943965,17858.032659,308.941230,618.129096
315,310.007823,17919.527370,310.005098,620.257652
316,310.899064,17971.044185,310.896346,622.040838
317,312.061948,18038.262884,312.059240,624.367523
318,313.044479,18095.056607,313.041780,626.333361
319,311.770397,18021.410220,311.767686,623.784190
320,312.822637,18082.233370,312.819936,625.889502
321,313.800740,18138.771116,313.798047,627.846480
322,317.091323,18328.978197,317.088658,634.430242
323,318.299016,18398.787029,318.296361,636.846581
324,318.982250,18438.280358,318.979601,638.213589
325,319.938224,18493.538948,319.935583,640.126291
326,321.164172,18564.403006,321.161541,642.579155
327,322.462592,18639.456191,322.459972,645.177020
328,322.926752,18666.286214,322.924135,646.105705
329,321.994566,18612.402653,321.991942,644.240598
330,322.767974,18657.108341,322.765356,645.788025
331,323.569599,18703.445029,323.566987,647.391907
332,326.785497,18889.335104,326.782911,653.826241
333,327.951700,18956.745636,327.949123,656.159566
334,327.951700,18956.745636,327.949123,656.159566
335,327.951700,18956.745636,327.949123,656.159566
336,330.692929,19115.198231,330.690374,661.644188
337,331.871304,19183.312370,331.868758,664.001867
338,332.723823,19232.590948,332.721284,665.707578
339,331.653885,19170.744798,331.651337,663.566857
340,332.572803,19223.861428,332.570262,665.405418
341,330.337679,19094.663526,330.335121,660.933407
342,337.731071,19522.027237,337.728569,675.726023
343,338.727984,19579.652254,338.725489,677.720635
344,339.724896,19637.277225,339.722409,679.715246
345,340.783772,19698.483913,340.781292,681.833832
346,341.361340,19731.869358,341.358865,682.989424
347,342.853942,19818.146919,342.851477,685.975805
348,343.934397,19880.600988,343.931940,688.137568
349,340.910462,19705.807040,340.907983,682.087312
350,342.247054,19783.066694,342.244585,684.761550
351,346.841602,20048.647491,346.839165,693.954269
352,347.830211,20105.792555,347.827782,695.932268
353,349.144673,20181.773006,349.142253,698.562228
354,349.588358,20207.419514,349.585940,699.449947
355,350.543226,20262.614237,350.540816,701.360437
356,351.732110,20331.335838,351.729708,703.739142
357,352.671490,20385.635254,352.669094,705.618643
358,353.819984,20452.022202,353.817596,707.916537
359,350.736856,20273.806694,350.734447,701.747849
360,352.143711,20355.127827,352.141312,704.562670
361,353.246844,20418.892734,353.244452,706.769805
362,357.927684,20689.461503,357.925323,716.135175
363,358.815613,20740.786890,358.813258,717.911733
364,359.497188,20780.184301,359.494838,719.275421
365,360.541125,20840.527462,360.538781,721.364117
366,361.471651,20894.315104,361.469314,723.225903
367,363.033407,20984.590006,363.031079,726.350646
368,364.061852,21044.037676,364.059531,728.408346
369,360.916767,20862.240861,360.914426,722.115697
370,361.748815,20910.336156,361.746480,723.780450
371,363.186099,20993.416121,363.183772,726.656150
372,367.673311,21252.792526,367.671012,735.634110
373,368.710055,21312.719965,368.707764,737.708417
374,369.741265,21372.327474,369.738980,739.771649
375,370.150200,21395.965329,370.147917,740.589841
376,372.403946,21526.239676,372.401677,745.099110
377,371.701900,21485.658936,371.699626,743.694463
378,374.362362,21639.442902,374.360105,749.017485
379,370.415653,21411.309445,370.413372,741.120957
380,371.518785,21475.074301,371.516511,743.328090
381,372.637408,21539.734561,372.635140,745.566217
382,377.381320,21813.949139,377.379081,755.057780
383,379.897384,21959.386387,379.895160,760.091891
384,379.297692,21924.722110,379.295465,758.892034
385,380.557942,21997.568925,380.555722,761.413527
386,381.695369,22063.316139,381.693155,763.689277
387,382.562280,22113.426607,382.560072,765.423782
388,383.402073,22161.969526,383.399869,767.104029
389,380.118125,21972.145936,380.115902,760.533545
390,381.427062,22047.807040,381.424846,763.152451
391,382.541809,22112.243324,382.539601,765.382825
392,387.614893,22405.485121,387.612713,775.532988
393,389.852134,22534.805451,389.849967,780.009234
394,389.812858,22532.535162,389.810691,779.930651
395,390.847940,22592.366462,390.845778,782.001629
396,392.108746,22665.245416,392.106591,784.524234
397,392.878830,22709.758954,392.876679,786.065009
398,394.206574,22786.507197,394.204431,788.721545
399,390.468427,22570.429312,390.466263,781.242305
400,391.443214,22626.775358,391.441055,783.192646
